lenguaje,n,algoritmo,escenario,repeticion,clave,posicion_origen,posicion,comparaciones,tiempo_ns
Python,100,binaria,ausente,18,18236,-1,-1,7,1162
Python,100,lineal,ausente,20,18236,-1,-1,100,2914
Python,100,lineal,centro,16,17329,50,50,51,1583
Python,100,lineal,final,15,16968,99,99,100,2554
Python,100,lineal,centro,27,17329,50,50,51,1402
Python,100,binaria,inicio,28,12838,0,8,5,821
Python,100,lineal,final,16,16968,99,99,100,2554
Python,100,lineal,ausente,4,18236,-1,-1,100,2524
Python,100,lineal,ausente,10,18236,-1,-1,100,2514
Python,100,binaria,centro,17,17329,50,83,5,571
Python,100,binaria,ausente,26,18236,-1,-1,7,591
Python,100,binaria,ausente,6,18236,-1,-1,7,600
Python,100,binaria,centro,5,17329,50,83,5,431
Python,100,lineal,centro,26,17329,50,50,51,1372
Python,100,lineal,inicio,9,12838,0,0,1,230
Python,100,binaria,final,16,16968,99,80,4,601
Python,100,lineal,ausente,8,18236,-1,-1,100,2523
Python,100,binaria,inicio,13,12838,0,8,5,521
Python,100,binaria,centro,12,17329,50,83,5,471
Python,100,binaria,centro,9,17329,50,83,5,470
Python,100,lineal,ausente,2,18236,-1,-1,100,2504
Python,100,binaria,centro,13,17329,50,83,5,451
Python,100,lineal,final,7,16968,99,99,100,2443
Python,100,lineal,inicio,17,12838,0,0,1,211
Python,100,lineal,centro,21,17329,50,50,51,1322
Python,100,binaria,final,10,16968,99,80,4,420
Python,100,lineal,final,25,16968,99,99,100,2494
Python,100,binaria,centro,3,17329,50,83,5,450
Python,100,binaria,final,28,16968,99,80,4,381
Python,100,lineal,final,30,16968,99,99,100,2463
Python,100,lineal,ausente,30,18236,-1,-1,100,2424
Python,100,binaria,inicio,16,12838,0,8,5,501
Python,100,binaria,final,15,16968,99,80,4,391
Python,100,lineal,ausente,22,18236,-1,-1,100,2434
Python,100,binaria,final,9,16968,99,80,4,380
Python,100,lineal,inicio,1,12838,0,0,1,210
Python,100,binaria,inicio,18,12838,0,8,5,461
Python,100,binaria,centro,30,17329,50,83,5,450
Python,100,binaria,centro,26,17329,50,83,5,511
Python,100,binaria,inicio,21,12838,0,8,5,490
Python,100,lineal,centro,4,17329,50,50,51,1342
Python,100,binaria,final,12,16968,99,80,4,370
Python,100,lineal,centro,30,17329,50,50,51,1362
Python,100,binaria,centro,25,17329,50,83,5,431
Python,100,binaria,ausente,24,18236,-1,-1,7,802
Python,100,binaria,centro,28,17329,50,83,5,511
Python,100,binaria,centro,21,17329,50,83,5,441
Python,100,lineal,inicio,2,12838,0,0,1,251
Python,100,lineal,ausente,27,18236,-1,-1,100,2533
Python,100,lineal,final,12,16968,99,99,100,2494
Python,100,binaria,ausente,8,18236,-1,-1,7,641
Python,100,binaria,final,1,16968,99,80,4,401
Python,100,lineal,centro,19,17329,50,50,51,1382
Python,100,lineal,ausente,26,18236,-1,-1,100,2503
Python,100,lineal,centro,6,17329,50,50,51,1362
Python,100,lineal,inicio,28,12838,0,0,1,221
Python,100,binaria,centro,4,17329,50,83,5,471
Python,100,lineal,centro,9,17329,50,50,51,1372
Python,100,binaria,inicio,7,12838,0,8,5,501
Python,100,binaria,centro,15,17329,50,83,5,450
Python,100,binaria,inicio,1,12838,0,8,5,511
Python,100,lineal,centro,25,17329,50,50,51,1432
Python,100,binaria,inicio,9,12838,0,8,5,430
Python,100,lineal,inicio,14,12838,0,0,1,220
Python,100,lineal,centro,5,17329,50,50,51,1382
Python,100,binaria,inicio,19,12838,0,8,5,441
Python,100,lineal,final,6,16968,99,99,100,2554
Python,100,lineal,centro,18,17329,50,50,51,1383
Python,100,binaria,final,2,16968,99,80,4,391
Python,100,binaria,ausente,19,18236,-1,-1,7,621
Python,100,binaria,ausente,28,18236,-1,-1,7,611
Python,100,binaria,inicio,15,12838,0,8,5,461
Python,100,lineal,final,11,16968,99,99,100,2513
Python,100,binaria,ausente,11,18236,-1,-1,7,631
Python,100,binaria,ausente,17,18236,-1,-1,7,581
Python,100,lineal,centro,20,17329,50,50,51,1352
Python,100,binaria,ausente,12,18236,-1,-1,7,581
Python,100,binaria,inicio,27,12838,0,8,5,471
Python,100,binaria,centro,6,17329,50,83,5,480
Python,100,binaria,centro,1,17329,50,83,5,471
Python,100,lineal,inicio,27,12838,0,0,1,210
Python,100,lineal,final,28,16968,99,99,100,2444
Python,100,lineal,centro,22,17329,50,50,51,1342
Python,100,lineal,ausente,23,18236,-1,-1,100,2454
Python,100,binaria,centro,24,17329,50,83,5,450
Python,100,binaria,centro,19,17329,50,83,5,421
Python,100,binaria,ausente,13,18236,-1,-1,7,580
Python,100,binaria,ausente,27,18236,-1,-1,7,711
Python,100,binaria,centro,18,17329,50,83,5,481
Python,100,lineal,centro,13,17329,50,50,51,1342
Python,100,binaria,inicio,12,12838,0,8,5,481
Python,100,binaria,centro,7,17329,50,83,5,491
Python,100,binaria,final,24,16968,99,80,4,381
Python,100,binaria,centro,27,17329,50,83,5,420
Python,100,lineal,ausente,15,18236,-1,-1,100,2464
Python,100,binaria,final,29,16968,99,80,4,480
Python,100,lineal,final,17,16968,99,99,100,2534
Python,100,binaria,ausente,4,18236,-1,-1,7,661
Python,100,lineal,ausente,12,18236,-1,-1,100,2514
Python,100,lineal,centro,8,17329,50,50,51,1362
Python,100,binaria,ausente,30,18236,-1,-1,7,651
Python,100,lineal,inicio,24,12838,0,0,1,210
Python,100,lineal,centro,15,17329,50,50,51,1352
Python,100,binaria,inicio,11,12838,0,8,5,520
Python,100,lineal,centro,12,17329,50,50,51,1352
Python,100,lineal,final,27,16968,99,99,100,2484
Python,100,binaria,inicio,17,12838,0,8,5,460
Python,100,binaria,final,5,16968,99,80,4,371
Python,100,binaria,ausente,7,18236,-1,-1,7,621
Python,100,lineal,inicio,7,12838,0,0,1,221
Python,100,binaria,inicio,10,12838,0,8,5,420
Python,100,lineal,final,22,16968,99,99,100,2524
Python,100,lineal,final,1,16968,99,99,100,2504
Python,100,binaria,final,25,16968,99,80,4,421
Python,100,binaria,ausente,22,18236,-1,-1,7,551
Python,100,lineal,ausente,13,18236,-1,-1,100,2504
Python,100,binaria,centro,10,17329,50,83,5,501
Python,100,lineal,ausente,19,18236,-1,-1,100,2464
Python,100,binaria,inicio,14,12838,0,8,5,421
Python,100,lineal,inicio,29,12838,0,0,1,210
Python,100,binaria,final,18,16968,99,80,4,410
Python,100,lineal,inicio,22,12838,0,0,1,211
Python,100,binaria,inicio,29,12838,0,8,5,441
Python,100,lineal,centro,11,17329,50,50,51,1362
Python,100,lineal,final,10,16968,99,99,100,2463
Python,100,binaria,inicio,22,12838,0,8,5,461
Python,100,lineal,ausente,7,18236,-1,-1,100,2504
Python,100,binaria,final,20,16968,99,80,4,381
Python,100,lineal,final,14,16968,99,99,100,2484
Python,100,lineal,inicio,12,12838,0,0,1,210
Python,100,binaria,final,4,16968,99,80,4,371
Python,100,binaria,inicio,2,12838,0,8,5,431
Python,100,binaria,final,11,16968,99,80,4,360
Python,100,lineal,inicio,13,12838,0,0,1,210
Python,100,binaria,centro,2,17329,50,83,5,451
Python,100,lineal,final,23,16968,99,99,100,2454
Python,100,lineal,ausente,11,18236,-1,-1,100,2474
Python,100,lineal,ausente,9,18236,-1,-1,100,2474
Python,100,lineal,final,24,16968,99,99,100,2464
Python,100,binaria,final,27,16968,99,80,4,410
Python,100,lineal,ausente,5,18236,-1,-1,100,2453
Python,100,lineal,ausente,14,18236,-1,-1,100,2584
Python,100,lineal,final,21,16968,99,99,100,2484
Python,100,lineal,inicio,18,12838,0,0,1,210
Python,100,binaria,inicio,24,12838,0,8,5,431
Python,100,lineal,centro,7,17329,50,50,51,1382
Python,100,lineal,inicio,10,12838,0,0,1,221
Python,100,lineal,inicio,6,12838,0,0,1,211
Python,100,lineal,inicio,16,12838,0,0,1,201
Python,100,binaria,final,13,16968,99,80,4,390
Python,100,binaria,centro,11,17329,50,83,5,430
Python,100,binaria,ausente,16,18236,-1,-1,7,601
Python,100,binaria,centro,8,17329,50,83,5,390
Python,100,lineal,ausente,25,18236,-1,-1,100,2474
Python,100,lineal,final,20,16968,99,99,100,2473
Python,100,lineal,centro,1,17329,50,50,51,1362
Python,100,lineal,final,8,16968,99,99,100,2484
Python,100,binaria,centro,22,17329,50,83,5,440
Python,100,lineal,centro,29,17329,50,50,51,1352
Python,100,binaria,ausente,25,18236,-1,-1,7,611
Python,100,lineal,final,4,16968,99,99,100,2463
Python,100,lineal,ausente,6,18236,-1,-1,100,2474
Python,100,binaria,final,7,16968,99,80,4,410
Python,100,binaria,ausente,2,18236,-1,-1,7,561
Python,100,lineal,ausente,1,18236,-1,-1,100,2463
Python,100,lineal,final,9,16968,99,99,100,2464
Python,100,lineal,centro,23,17329,50,50,51,1352
Python,100,lineal,ausente,28,18236,-1,-1,100,2484
Python,100,binaria,ausente,29,18236,-1,-1,7,621
Python,100,lineal,inicio,3,12838,0,0,1,220
Python,100,lineal,ausente,24,18236,-1,-1,100,2854
Python,100,binaria,inicio,23,12838,0,8,5,491
Python,100,lineal,inicio,4,12838,0,0,1,251
Python,100,lineal,centro,28,17329,50,50,51,1402
Python,100,binaria,final,6,16968,99,80,4,411
Python,100,lineal,final,18,16968,99,99,100,2514
Python,100,lineal,final,26,16968,99,99,100,2514
Python,100,binaria,final,3,16968,99,80,4,411
Python,100,lineal,ausente,16,18236,-1,-1,100,2464
Python,100,lineal,centro,24,17329,50,50,51,1352
Python,100,lineal,centro,14,17329,50,50,51,1362
Python,100,binaria,inicio,20,12838,0,8,5,490
Python,100,binaria,ausente,5,18236,-1,-1,7,631
Python,100,binaria,centro,20,17329,50,83,5,440
Python,100,lineal,inicio,11,12838,0,0,1,271
Python,100,lineal,final,13,16968,99,99,100,2494
Python,100,binaria,inicio,3,12838,0,8,5,521
Python,100,binaria,final,21,16968,99,80,4,421
Python,100,lineal,ausente,3,18236,-1,-1,100,2503
Python,100,binaria,ausente,23,18236,-1,-1,7,661
Python,100,binaria,final,14,16968,99,80,4,361
Python,100,binaria,inicio,4,12838,0,8,5,431
Python,100,lineal,centro,3,17329,50,50,51,1502
Python,100,binaria,centro,23,17329,50,83,5,431
Python,100,lineal,centro,10,17329,50,50,51,1362
Python,100,binaria,centro,29,17329,50,83,5,471
Python,100,lineal,inicio,15,12838,0,0,1,200
Python,100,lineal,inicio,23,12838,0,0,1,210
Python,100,binaria,final,26,16968,99,80,4,391
Python,100,lineal,final,19,16968,99,99,100,2494
Python,100,lineal,ausente,17,18236,-1,-1,100,2474
Python,100,lineal,final,3,16968,99,99,100,2464
Python,100,lineal,inicio,30,12838,0,0,1,210
Python,100,lineal,ausente,21,18236,-1,-1,100,2464
Python,100,lineal,inicio,26,12838,0,0,1,210
Python,100,binaria,ausente,21,18236,-1,-1,7,580
Python,100,lineal,inicio,25,12838,0,0,1,220
Python,100,binaria,ausente,15,18236,-1,-1,7,551
Python,100,binaria,ausente,10,18236,-1,-1,7,581
Python,100,binaria,inicio,6,12838,0,8,5,470
Python,100,lineal,final,29,16968,99,99,100,2464
Python,100,binaria,inicio,25,12838,0,8,5,441
Python,100,binaria,inicio,30,12838,0,8,5,411
Python,100,binaria,final,22,16968,99,80,4,381
Python,100,lineal,ausente,18,18236,-1,-1,100,2474
Python,100,lineal,inicio,19,12838,0,0,1,210
Python,100,binaria,ausente,1,18236,-1,-1,7,611
Python,100,binaria,final,30,16968,99,80,4,360
Python,100,lineal,centro,2,17329,50,50,51,1352
Python,100,binaria,inicio,26,12838,0,8,5,410
Python,100,binaria,inicio,8,12838,0,8,5,491
Python,100,binaria,final,8,16968,99,80,4,430
Python,100,lineal,final,2,16968,99,99,100,2464
Python,100,lineal,centro,17,17329,50,50,51,1342
Python,100,binaria,ausente,14,18236,-1,-1,7,621
Python,100,binaria,final,23,16968,99,80,4,411
Python,100,binaria,ausente,3,18236,-1,-1,7,600
Python,100,binaria,ausente,20,18236,-1,-1,7,561
Python,100,binaria,final,19,16968,99,80,4,370
Python,100,lineal,inicio,21,12838,0,0,1,200
Python,100,lineal,inicio,5,12838,0,0,1,210
Python,100,binaria,centro,16,17329,50,83,5,471
Python,100,binaria,ausente,9,18236,-1,-1,7,601
Python,100,binaria,inicio,5,12838,0,8,5,461
Python,100,lineal,final,5,16968,99,99,100,2474
Python,100,lineal,inicio,8,12838,0,0,1,210
Python,100,lineal,ausente,29,18236,-1,-1,100,2493
Python,100,binaria,centro,14,17329,50,83,5,471
Python,100,lineal,inicio,20,12838,0,0,1,200
Python,100,binaria,final,17,16968,99,80,4,380
Python,1000,lineal,inicio,22,13405,0,0,1,441
Python,1000,lineal,final,17,15130,999,999,1000,98657
Python,1000,binaria,ausente,27,18288,-1,-1,10,2013
Python,1000,lineal,centro,6,14665,500,500,501,15623
Python,1000,binaria,inicio,19,13405,0,187,9,1522
Python,1000,lineal,centro,15,14665,500,500,501,26720
Python,1000,binaria,centro,6,14665,500,406,9,1442
Python,1000,binaria,final,17,15130,999,502,8,1092
Python,1000,lineal,inicio,23,13405,0,0,1,360
Python,1000,lineal,final,13,15130,999,999,1000,35212
Python,1000,binaria,centro,18,14665,500,406,9,1082
Python,1000,binaria,ausente,5,18288,-1,-1,10,1182
Python,1000,binaria,inicio,8,13405,0,187,9,921
Python,1000,binaria,centro,29,14665,500,406,9,912
Python,1000,lineal,inicio,1,13405,0,0,1,220
Python,1000,binaria,ausente,11,18288,-1,-1,10,1072
Python,1000,binaria,final,24,15130,999,502,8,831
Python,1000,binaria,ausente,12,18288,-1,-1,10,1092
Python,1000,lineal,ausente,4,18288,-1,-1,1000,35102
Python,1000,binaria,final,15,15130,999,502,8,942
Python,1000,binaria,ausente,21,18288,-1,-1,10,1092
Python,1000,binaria,final,13,15130,999,502,8,851
Python,1000,lineal,ausente,20,18288,-1,-1,1000,35042
Python,1000,binaria,inicio,28,13405,0,187,9,1051
Python,1000,binaria,inicio,15,13405,0,187,9,861
Python,1000,lineal,final,19,15130,999,999,1000,35123
Python,1000,binaria,ausente,14,18288,-1,-1,10,1071
Python,1000,lineal,inicio,15,13405,0,0,1,210
Python,1000,binaria,inicio,1,13405,0,187,9,751
Python,1000,lineal,ausente,1,18288,-1,-1,1000,35032
Python,1000,binaria,ausente,17,18288,-1,-1,10,1072
Python,1000,lineal,centro,13,14665,500,500,501,15182
Python,1000,lineal,final,11,15130,999,999,1000,34862
Python,1000,binaria,centro,20,14665,500,406,9,1052
Python,1000,lineal,inicio,6,13405,0,0,1,230
Python,1000,lineal,ausente,19,18288,-1,-1,1000,35182
Python,1000,binaria,ausente,9,18288,-1,-1,10,1051
Python,1000,binaria,final,3,15130,999,502,8,852
Python,1000,binaria,inicio,23,13405,0,187,9,862
Python,1000,binaria,centro,4,14665,500,406,9,931
Python,1000,lineal,centro,4,14665,500,500,501,15393
Python,1000,lineal,centro,8,14665,500,500,501,15333
Python,1000,lineal,inicio,7,13405,0,0,1,250
Python,1000,binaria,final,26,15130,999,502,8,871
Python,1000,lineal,centro,19,14665,500,500,501,15283
Python,1000,lineal,final,26,15130,999,999,1000,34952
Python,1000,lineal,centro,11,14665,500,500,501,53800
Python,1000,binaria,final,6,15130,999,502,8,921
Python,1000,lineal,centro,10,14665,500,500,501,15383
Python,1000,binaria,inicio,11,13405,0,187,9,801
Python,1000,binaria,final,22,15130,999,502,8,791
Python,1000,lineal,centro,23,14665,500,500,501,15292
Python,1000,binaria,inicio,25,13405,0,187,9,771
Python,1000,binaria,ausente,20,18288,-1,-1,10,1102
Python,1000,lineal,inicio,9,13405,0,0,1,210
Python,1000,binaria,ausente,15,18288,-1,-1,10,1032
Python,1000,binaria,inicio,4,13405,0,187,9,741
Python,1000,binaria,ausente,6,18288,-1,-1,10,1031
Python,1000,binaria,final,14,15130,999,502,8,821
Python,1000,binaria,inicio,18,13405,0,187,9,1092
Python,1000,binaria,inicio,6,13405,0,187,9,952
Python,1000,lineal,ausente,5,18288,-1,-1,1000,35152
Python,1000,binaria,ausente,25,18288,-1,-1,10,1372
Python,1000,binaria,centro,24,14665,500,406,9,1172
Python,1000,lineal,final,12,15130,999,999,1000,35383
Python,1000,binaria,inicio,16,13405,0,187,9,1101
Python,1000,lineal,final,27,15130,999,999,1000,35042
Python,1000,binaria,inicio,3,13405,0,187,9,842
Python,1000,binaria,centro,28,14665,500,406,9,982
Python,1000,lineal,final,2,15130,999,999,1000,35102
Python,1000,binaria,ausente,22,18288,-1,-1,10,1092
Python,1000,binaria,inicio,12,13405,0,187,9,1162
Python,1000,binaria,final,4,15130,999,502,8,961
Python,1000,lineal,centro,1,14665,500,500,501,15392
Python,1000,binaria,centro,8,14665,500,406,9,991
Python,1000,lineal,final,24,15130,999,999,1000,35132
Python,1000,lineal,ausente,15,18288,-1,-1,1000,34982
Python,1000,lineal,ausente,23,18288,-1,-1,1000,34992
Python,1000,lineal,ausente,10,18288,-1,-1,1000,35032
Python,1000,lineal,inicio,2,13405,0,0,1,260
Python,1000,lineal,centro,7,14665,500,500,501,15323
Python,1000,lineal,centro,24,14665,500,500,501,15323
Python,1000,lineal,final,14,15130,999,999,1000,35793
Python,1000,lineal,inicio,13,13405,0,0,1,220
Python,1000,lineal,centro,17,14665,500,500,501,15313
Python,1000,binaria,inicio,27,13405,0,187,9,1061
Python,1000,lineal,centro,2,14665,500,500,501,15403
Python,1000,binaria,final,25,15130,999,502,8,1042
Python,1000,lineal,final,23,15130,999,999,1000,35282
Python,1000,binaria,final,16,15130,999,502,8,821
Python,1000,lineal,final,29,15130,999,999,1000,35083
Python,1000,lineal,ausente,21,18288,-1,-1,1000,35222
Python,1000,lineal,centro,3,14665,500,500,501,15273
Python,1000,binaria,ausente,13,18288,-1,-1,10,1122
Python,1000,lineal,inicio,21,13405,0,0,1,241
Python,1000,lineal,ausente,13,18288,-1,-1,1000,34812
Python,1000,binaria,ausente,10,18288,-1,-1,10,1132
Python,1000,lineal,inicio,29,13405,0,0,1,220
Python,1000,lineal,ausente,9,18288,-1,-1,1000,35123
Python,1000,binaria,ausente,28,18288,-1,-1,10,1001
Python,1000,binaria,final,8,15130,999,502,8,811
Python,1000,binaria,centro,21,14665,500,406,9,991
Python,1000,lineal,inicio,17,13405,0,0,1,230
Python,1000,binaria,final,30,15130,999,502,8,821
Python,1000,binaria,final,18,15130,999,502,8,761
Python,1000,lineal,ausente,27,18288,-1,-1,1000,35113
Python,1000,lineal,centro,5,14665,500,500,501,15262
Python,1000,lineal,inicio,8,13405,0,0,1,220
Python,1000,lineal,ausente,12,18288,-1,-1,1000,35162
Python,1000,lineal,final,25,15130,999,999,1000,35132
Python,1000,lineal,final,6,15130,999,999,1000,34962
Python,1000,lineal,ausente,18,18288,-1,-1,1000,35293
Python,1000,binaria,final,10,15130,999,502,8,841
Python,1000,lineal,inicio,14,13405,0,0,1,231
Python,1000,lineal,inicio,3,13405,0,0,1,221
Python,1000,binaria,centro,10,14665,500,406,9,972
Python,1000,binaria,centro,9,14665,500,406,9,901
Python,1000,lineal,final,1,15130,999,999,1000,49093
Python,1000,lineal,centro,22,14665,500,500,501,15433
Python,1000,binaria,inicio,30,13405,0,187,9,982
Python,1000,lineal,ausente,29,18288,-1,-1,1000,35152
Python,1000,lineal,final,8,15130,999,999,1000,35103
Python,1000,lineal,final,10,15130,999,999,1000,35172
Python,1000,binaria,ausente,24,18288,-1,-1,10,1162
Python,1000,lineal,ausente,30,18288,-1,-1,1000,35152
Python,1000,binaria,ausente,19,18288,-1,-1,10,1042
Python,1000,lineal,final,22,15130,999,999,1000,35152
Python,1000,lineal,ausente,7,18288,-1,-1,1000,35083
Python,1000,binaria,final,29,15130,999,502,8,891
Python,1000,lineal,inicio,5,13405,0,0,1,260
Python,1000,lineal,inicio,20,13405,0,0,1,281
Python,1000,binaria,ausente,23,18288,-1,-1,10,1021
Python,1000,binaria,centro,30,14665,500,406,9,992
Python,1000,lineal,inicio,12,13405,0,0,1,251
Python,1000,binaria,centro,27,14665,500,406,9,1863
Python,1000,binaria,centro,26,14665,500,406,9,1382
Python,1000,lineal,ausente,11,18288,-1,-1,1000,38177
Python,1000,binaria,inicio,24,13405,0,187,9,1122
Python,1000,lineal,inicio,27,13405,0,0,1,240
Python,1000,lineal,ausente,26,18288,-1,-1,1000,35243
Python,1000,binaria,ausente,29,18288,-1,-1,10,1342
Python,1000,binaria,inicio,9,13405,0,187,9,841
Python,1000,binaria,centro,3,14665,500,406,9,972
Python,1000,lineal,ausente,3,18288,-1,-1,1000,35163
Python,1000,binaria,centro,19,14665,500,406,9,941
Python,1000,lineal,inicio,4,13405,0,0,1,231
Python,1000,lineal,ausente,25,18288,-1,-1,1000,35483
Python,1000,lineal,final,28,15130,999,999,1000,35213
Python,1000,lineal,centro,14,14665,500,500,501,15332
Python,1000,lineal,ausente,14,18288,-1,-1,1000,35012
Python,1000,binaria,inicio,13,13405,0,187,9,871
Python,1000,lineal,centro,30,14665,500,500,501,15363
Python,1000,binaria,final,11,15130,999,502,8,901
Python,1000,lineal,ausente,17,18288,-1,-1,1000,35383
Python,1000,lineal,final,15,15130,999,999,1000,35233
Python,1000,binaria,inicio,10,13405,0,187,9,801
Python,1000,lineal,inicio,19,13405,0,0,1,260
Python,1000,lineal,inicio,24,13405,0,0,1,221
Python,1000,lineal,final,5,15130,999,999,1000,35163
Python,1000,binaria,final,5,15130,999,502,8,841
Python,1000,binaria,ausente,8,18288,-1,-1,10,1112
Python,1000,lineal,ausente,28,18288,-1,-1,1000,35322
Python,1000,binaria,final,1,15130,999,502,8,892
Python,1000,binaria,final,23,15130,999,502,8,821
Python,1000,lineal,final,20,15130,999,999,1000,35192
Python,1000,binaria,final,19,15130,999,502,8,811
Python,1000,lineal,centro,25,14665,500,500,501,15313
Python,1000,lineal,centro,29,14665,500,500,501,15253
Python,1000,binaria,centro,15,14665,500,406,9,921
Python,1000,lineal,centro,16,14665,500,500,501,15303
Python,1000,lineal,final,3,15130,999,999,1000,35363
Python,1000,binaria,centro,14,14665,500,406,9,881
Python,1000,binaria,centro,1,14665,500,406,9,932
Python,1000,lineal,centro,26,14665,500,500,501,15343
Python,1000,binaria,inicio,29,13405,0,187,9,831
Python,1000,binaria,final,28,15130,999,502,8,861
Python,1000,binaria,ausente,7,18288,-1,-1,10,1142
Python,1000,binaria,inicio,7,13405,0,187,9,771
Python,1000,lineal,final,9,15130,999,999,1000,35172
Python,1000,lineal,centro,28,14665,500,500,501,15453
Python,1000,binaria,ausente,26,18288,-1,-1,10,1082
Python,1000,lineal,final,21,15130,999,999,1000,40670
Python,1000,lineal,final,7,15130,999,999,1000,35243
Python,1000,lineal,ausente,24,18288,-1,-1,1000,35192
Python,1000,binaria,final,2,15130,999,502,8,1242
Python,1000,lineal,inicio,16,13405,0,0,1,270
Python,1000,binaria,inicio,26,13405,0,187,9,861
Python,1000,lineal,ausente,2,18288,-1,-1,1000,35303
Python,1000,lineal,final,4,15130,999,999,1000,35423
Python,1000,binaria,inicio,22,13405,0,187,9,802
Python,1000,binaria,ausente,3,18288,-1,-1,10,1112
Python,1000,binaria,centro,5,14665,500,406,9,1082
Python,1000,binaria,ausente,16,18288,-1,-1,10,1131
Python,1000,binaria,centro,23,14665,500,406,9,952
Python,1000,binaria,final,12,15130,999,502,8,871
Python,1000,lineal,inicio,28,13405,0,0,1,210
Python,1000,binaria,centro,11,14665,500,406,9,921
Python,1000,binaria,inicio,5,13405,0,187,9,761
Python,1000,lineal,centro,20,14665,500,500,501,15483
Python,1000,lineal,centro,27,14665,500,500,501,15203
Python,1000,binaria,inicio,14,13405,0,187,9,791
Python,1000,lineal,inicio,30,13405,0,0,1,240
Python,1000,lineal,ausente,6,18288,-1,-1,1000,35112
Python,1000,lineal,final,30,15130,999,999,1000,35072
Python,1000,binaria,centro,2,14665,500,406,9,921
Python,1000,lineal,ausente,22,18288,-1,-1,1000,35253
Python,1000,binaria,centro,7,14665,500,406,9,901
Python,1000,lineal,final,18,15130,999,999,1000,35112
Python,1000,binaria,centro,22,14665,500,406,9,881
Python,1000,lineal,centro,12,14665,500,500,501,15343
Python,1000,lineal,centro,21,14665,500,500,501,15373
Python,1000,binaria,centro,25,14665,500,406,9,901
Python,1000,binaria,final,27,15130,999,502,8,841
Python,1000,binaria,final,9,15130,999,502,8,831
Python,1000,binaria,centro,12,14665,500,406,9,882
Python,1000,lineal,inicio,25,13405,0,0,1,221
Python,1000,binaria,centro,13,14665,500,406,9,872
Python,1000,lineal,inicio,11,13405,0,0,1,191
Python,1000,binaria,inicio,20,13405,0,187,9,832
Python,1000,lineal,centro,9,14665,500,500,501,15283
Python,1000,binaria,ausente,18,18288,-1,-1,10,1102
Python,1000,lineal,ausente,8,18288,-1,-1,1000,35152
Python,1000,binaria,inicio,17,13405,0,187,9,731
Python,1000,binaria,final,21,15130,999,502,8,791
Python,1000,binaria,inicio,2,13405,0,187,9,791
Python,1000,binaria,final,20,15130,999,502,8,831
Python,1000,binaria,ausente,30,18288,-1,-1,10,1082
Python,1000,lineal,inicio,10,13405,0,0,1,210
Python,1000,lineal,centro,18,14665,500,500,501,15403
Python,1000,lineal,inicio,18,13405,0,0,1,240
Python,1000,binaria,inicio,21,13405,0,187,9,771
Python,1000,binaria,ausente,4,18288,-1,-1,10,1081
Python,1000,lineal,final,16,15130,999,999,1000,35323
Python,1000,binaria,final,7,15130,999,502,8,871
Python,1000,binaria,centro,16,14665,500,406,9,881
Python,1000,lineal,inicio,26,13405,0,0,1,240
Python,1000,binaria,centro,17,14665,500,406,9,911
Python,1000,lineal,ausente,16,18288,-1,-1,1000,35033
Python,1000,binaria,ausente,2,18288,-1,-1,10,1132
Python,1000,binaria,ausente,1,18288,-1,-1,10,1002
Python,10000,binaria,ausente,4,18288,-1,-1,14,1963
Python,10000,lineal,ausente,13,18288,-1,-1,10000,390692
Python,10000,lineal,final,25,15100,9999,9999,10000,478192
Python,10000,binaria,final,17,15100,9999,4912,12,2274
Python,10000,lineal,final,20,15100,9999,9999,10000,392484
Python,10000,lineal,final,7,15100,9999,9999,10000,391572
Python,10000,binaria,centro,19,15825,5000,6022,14,2123
Python,10000,lineal,inicio,3,14101,0,0,1,341
Python,10000,lineal,centro,18,15825,5000,5000,5001,206367
Python,10000,binaria,inicio,5,14101,0,2844,14,2093
Python,10000,binaria,final,21,15100,9999,4912,12,1493
Python,10000,binaria,final,22,15100,9999,4912,12,1272
Python,10000,binaria,final,11,15100,9999,4912,12,1302
Python,10000,binaria,ausente,21,18288,-1,-1,14,1582
Python,10000,binaria,ausente,5,18288,-1,-1,14,3666
Python,10000,binaria,final,19,15100,9999,4912,12,1382
Python,10000,binaria,inicio,22,14101,0,2844,14,1722
Python,10000,binaria,inicio,15,14101,0,2844,14,1482
Python,10000,lineal,centro,21,15825,5000,5000,5001,211575
Python,10000,lineal,final,6,15100,9999,9999,10000,390571
Python,10000,binaria,centro,20,15825,5000,6022,14,1953
Python,10000,lineal,ausente,24,18288,-1,-1,10000,403831
Python,10000,lineal,ausente,21,18288,-1,-1,10000,390231
Python,10000,lineal,centro,16,15825,5000,5000,5001,193608
Python,10000,lineal,ausente,19,18288,-1,-1,10000,400706
Python,10000,binaria,centro,3,15825,5000,6022,14,1883
Python,10000,binaria,ausente,29,18288,-1,-1,14,1733
Python,10000,binaria,centro,16,15825,5000,6022,14,1472
Python,10000,lineal,inicio,8,14101,0,0,1,331
Python,10000,binaria,inicio,28,14101,0,2844,14,1873
Python,10000,lineal,final,18,15100,9999,9999,10000,389640
Python,10000,binaria,inicio,19,14101,0,2844,14,1703
Python,10000,lineal,inicio,13,14101,0,0,1,230
Python,10000,lineal,centro,27,15825,5000,5000,5001,192657
Python,10000,binaria,final,13,15100,9999,4912,12,1492
Python,10000,lineal,inicio,5,14101,0,0,1,221
Python,10000,lineal,centro,4,15825,5000,5000,5001,193448
Python,10000,binaria,inicio,6,14101,0,2844,14,1662
Python,10000,binaria,centro,22,15825,5000,6022,14,1573
Python,10000,lineal,inicio,12,14101,0,0,1,260
Python,10000,lineal,ausente,17,18288,-1,-1,10000,401317
Python,10000,lineal,centro,3,15825,5000,5000,5001,193027
Python,10000,lineal,centro,9,15825,5000,5000,5001,193298
Python,10000,binaria,ausente,25,18288,-1,-1,14,1853
Python,10000,binaria,ausente,16,18288,-1,-1,14,1533
Python,10000,lineal,ausente,27,18288,-1,-1,10000,400936
Python,10000,lineal,centro,23,15825,5000,5000,5001,208000
Python,10000,binaria,inicio,26,14101,0,2844,14,1722
Python,10000,lineal,ausente,20,18288,-1,-1,10000,390972
Python,10000,lineal,inicio,4,14101,0,0,1,250
Python,10000,lineal,final,5,15100,9999,9999,10000,402669
Python,10000,binaria,inicio,18,14101,0,2844,14,1833
Python,10000,binaria,inicio,21,14101,0,2844,14,1573
Python,10000,lineal,ausente,7,18288,-1,-1,10000,390421
Python,10000,binaria,inicio,13,14101,0,2844,14,1662
Python,10000,lineal,centro,29,15825,5000,5000,5001,193849
Python,10000,binaria,centro,8,15825,5000,6022,14,1532
Python,10000,lineal,inicio,26,14101,0,0,1,210
Python,10000,binaria,inicio,11,14101,0,2844,14,1432
Python,10000,binaria,final,30,15100,9999,4912,12,1422
Python,10000,lineal,ausente,2,18288,-1,-1,10000,401958
Python,10000,lineal,inicio,24,14101,0,0,1,300
Python,10000,lineal,final,1,15100,9999,9999,10000,399384
Python,10000,lineal,centro,15,15825,5000,5000,5001,194790
Python,10000,binaria,inicio,29,14101,0,2844,14,1922
Python,10000,lineal,ausente,25,18288,-1,-1,10000,404331
Python,10000,binaria,inicio,25,14101,0,2844,14,1742
Python,10000,binaria,inicio,1,14101,0,2844,14,1683
Python,10000,lineal,final,10,15100,9999,9999,10000,391152
Python,10000,lineal,ausente,11,18288,-1,-1,10000,389069
Python,10000,lineal,ausente,16,18288,-1,-1,10000,426675
Python,10000,lineal,inicio,16,14101,0,0,1,471
Python,10000,lineal,final,9,15100,9999,9999,10000,390141
Python,10000,binaria,final,25,15100,9999,4912,12,1682
Python,10000,binaria,centro,13,15825,5000,6022,14,1833
Python,10000,lineal,inicio,20,14101,0,0,1,251
Python,10000,lineal,centro,8,15825,5000,5000,5001,205075
Python,10000,binaria,centro,28,15825,5000,6022,14,1583
Python,10000,binaria,final,6,15100,9999,4912,12,1392
Python,10000,binaria,final,14,15100,9999,4912,12,1332
Python,10000,lineal,ausente,10,18288,-1,-1,10000,389329
Python,10000,binaria,ausente,17,18288,-1,-1,14,1643
Python,10000,lineal,final,27,15100,9999,9999,10000,390941
Python,10000,binaria,final,3,15100,9999,4912,12,1322
Python,10000,binaria,ausente,22,18288,-1,-1,14,1522
Python,10000,lineal,inicio,10,14101,0,0,1,240
Python,10000,lineal,final,28,15100,9999,9999,10000,405423
Python,10000,lineal,ausente,5,18288,-1,-1,10000,389950
Python,10000,binaria,ausente,12,18288,-1,-1,14,1692
Python,10000,binaria,ausente,10,18288,-1,-1,14,1512
Python,10000,binaria,centro,29,15825,5000,6022,14,1823
Python,10000,binaria,ausente,23,18288,-1,-1,14,1632
Python,10000,binaria,centro,30,15825,5000,6022,14,1543
Python,10000,binaria,ausente,28,18288,-1,-1,14,1562
Python,10000,lineal,centro,28,15825,5000,5000,5001,193057
Python,10000,binaria,inicio,16,14101,0,2844,14,1723
Python,10000,lineal,final,22,15100,9999,9999,10000,402048
Python,10000,binaria,inicio,12,14101,0,2844,14,1672
Python,10000,lineal,inicio,2,14101,0,0,1,410
Python,10000,binaria,ausente,3,18288,-1,-1,14,1803
Python,10000,lineal,centro,22,15825,5000,5000,5001,192627
Python,10000,lineal,final,26,15100,9999,9999,10000,392083
Python,10000,lineal,final,29,15100,9999,9999,10000,404071
Python,10000,binaria,centro,4,15825,5000,6022,14,2073
Python,10000,binaria,ausente,27,18288,-1,-1,14,1652
Python,10000,lineal,centro,25,15825,5000,5000,5001,208471
Python,10000,lineal,inicio,19,14101,0,0,1,401
Python,10000,binaria,inicio,14,14101,0,2844,14,1793
Python,10000,lineal,inicio,27,14101,0,0,1,210
Python,10000,binaria,final,7,15100,9999,4912,12,1723
Python,10000,binaria,inicio,4,14101,0,2844,14,1482
Python,10000,lineal,final,23,15100,9999,9999,10000,387777
Python,10000,binaria,final,2,15100,9999,4912,12,1332
Python,10000,lineal,ausente,29,18288,-1,-1,10000,400736
Python,10000,lineal,inicio,23,14101,0,0,1,391
Python,10000,lineal,final,24,15100,9999,9999,10000,634815
Python,10000,binaria,final,20,15100,9999,4912,12,2814
Python,10000,binaria,centro,18,15825,5000,6022,14,2303
Python,10000,binaria,centro,14,15825,5000,6022,14,1602
Python,10000,binaria,final,8,15100,9999,4912,12,1462
Python,10000,binaria,final,15,15100,9999,4912,12,1382
Python,10000,binaria,inicio,17,14101,0,2844,14,1562
Python,10000,lineal,centro,19,15825,5000,5000,5001,223403
Python,10000,lineal,centro,17,15825,5000,5000,5001,193398
Python,10000,binaria,ausente,2,18288,-1,-1,14,2454
Python,10000,binaria,ausente,9,18288,-1,-1,14,1613
Python,10000,binaria,centro,24,15825,5000,6022,14,1722
Python,10000,lineal,centro,12,15825,5000,5000,5001,192867
Python,10000,binaria,centro,10,15825,5000,6022,14,1612
Python,10000,lineal,centro,10,15825,5000,5000,5001,193258
Python,10000,lineal,ausente,23,18288,-1,-1,10000,402769
Python,10000,binaria,final,27,15100,9999,4912,12,1933
Python,10000,binaria,final,26,15100,9999,4912,12,1352
Python,10000,lineal,inicio,30,14101,0,0,1,591
Python,10000,binaria,ausente,11,18288,-1,-1,14,1573
Python,10000,binaria,ausente,18,18288,-1,-1,14,1502
Python,10000,lineal,centro,6,15825,5000,5000,5001,193658
Python,10000,binaria,inicio,24,14101,0,2844,14,1742
Python,10000,binaria,centro,5,15825,5000,6022,14,1562
Python,10000,lineal,ausente,1,18288,-1,-1,10000,391693
Python,10000,binaria,centro,17,15825,5000,6022,14,1873
Python,10000,binaria,ausente,19,18288,-1,-1,14,1582
Python,10000,lineal,inicio,14,14101,0,0,1,220
Python,10000,binaria,ausente,26,18288,-1,-1,14,1482
Python,10000,lineal,final,8,15100,9999,9999,10000,455618
Python,10000,binaria,inicio,20,14101,0,2844,14,2183
Python,10000,lineal,final,12,15100,9999,9999,10000,409309
Python,10000,lineal,inicio,11,14101,0,0,1,501
Python,10000,lineal,inicio,6,14101,0,0,1,250
Python,10000,binaria,inicio,2,14101,0,2844,14,1723
Python,10000,lineal,final,17,15100,9999,9999,10000,419745
Python,10000,lineal,inicio,22,14101,0,0,1,371
Python,10000,lineal,ausente,28,18288,-1,-1,10000,390841
Python,10000,lineal,centro,14,15825,5000,5000,5001,193338
Python,10000,lineal,ausente,18,18288,-1,-1,10000,404782
Python,10000,lineal,final,14,15100,9999,9999,10000,391032
Python,10000,binaria,final,5,15100,9999,4912,12,2033
Python,10000,lineal,ausente,6,18288,-1,-1,10000,388287
Python,10000,lineal,inicio,9,14101,0,0,1,261
Python,10000,binaria,final,9,15100,9999,4912,12,1462
Python,10000,binaria,ausente,30,18288,-1,-1,14,1913
Python,10000,binaria,centro,11,15825,5000,6022,14,1603
Python,10000,binaria,centro,26,15825,5000,6022,14,1532
Python,10000,binaria,ausente,1,18288,-1,-1,14,1552
Python,10000,lineal,inicio,21,14101,0,0,1,221
Python,10000,lineal,centro,5,15825,5000,5000,5001,205155
Python,10000,binaria,centro,7,15825,5000,6022,14,1733
Python,10000,lineal,centro,2,15825,5000,5000,5001,193147
Python,10000,lineal,final,13,15100,9999,9999,10000,390982
Python,10000,lineal,final,30,15100,9999,9999,10000,408538
Python,10000,binaria,inicio,30,14101,0,2844,14,2143
Python,10000,binaria,inicio,10,14101,0,2844,14,1553
Python,10000,binaria,final,10,15100,9999,4912,12,1372
Python,10000,lineal,centro,13,15825,5000,5000,5001,209652
Python,10000,binaria,centro,12,15825,5000,6022,14,1873
Python,10000,lineal,centro,7,15825,5000,5000,5001,193938
Python,10000,lineal,inicio,18,14101,0,0,1,251
Python,10000,lineal,ausente,8,18288,-1,-1,10000,389550
Python,10000,lineal,centro,11,15825,5000,5000,5001,214159
Python,10000,binaria,final,1,15100,9999,4912,12,1733
Python,10000,lineal,ausente,15,18288,-1,-1,10000,615296
Python,10000,lineal,centro,26,15825,5000,5000,5001,352334
Python,10000,lineal,centro,24,15825,5000,5000,5001,195691
Python,10000,binaria,centro,15,15825,5000,6022,14,2604
Python,10000,lineal,ausente,9,18288,-1,-1,10000,390411
Python,10000,binaria,inicio,9,14101,0,2844,14,3555
Python,10000,binaria,ausente,6,18288,-1,-1,14,2414
Python,10000,binaria,final,29,15100,9999,4912,12,1973
Python,10000,lineal,inicio,1,14101,0,0,1,491
Python,10000,binaria,ausente,7,18288,-1,-1,14,1723
Python,10000,lineal,ausente,30,18288,-1,-1,10000,416019
Python,10000,binaria,ausente,13,18288,-1,-1,14,1943
Python,10000,lineal,final,3,15100,9999,9999,10000,719861
Python,10000,binaria,centro,9,15825,5000,6022,14,4557
Python,10000,lineal,final,11,15100,9999,9999,10000,437521
Python,10000,lineal,centro,20,15825,5000,5000,5001,193568
Python,10000,lineal,ausente,12,18288,-1,-1,10000,389820
Python,10000,lineal,centro,30,15825,5000,5000,5001,205375
Python,10000,binaria,ausente,8,18288,-1,-1,14,2153
Python,10000,lineal,final,2,15100,9999,9999,10000,390531
Python,10000,binaria,final,4,15100,9999,4912,12,1732
Python,10000,binaria,centro,1,15825,5000,6022,14,1742
Python,10000,binaria,final,12,15100,9999,4912,12,1452
Python,10000,binaria,final,23,15100,9999,4912,12,1272
Python,10000,binaria,centro,21,15825,5000,6022,14,1723
Python,10000,binaria,inicio,23,14101,0,2844,14,1592
Python,10000,binaria,inicio,8,14101,0,2844,14,1452
Python,10000,binaria,final,24,15100,9999,4912,12,1282
Python,10000,lineal,inicio,7,14101,0,0,1,300
Python,10000,lineal,inicio,29,14101,0,0,1,200
Python,10000,binaria,ausente,24,18288,-1,-1,14,1563
Python,10000,lineal,inicio,28,14101,0,0,1,210
Python,10000,binaria,centro,27,15825,5000,6022,14,1412
Python,10000,binaria,final,28,15100,9999,4912,12,1282
Python,10000,binaria,ausente,14,18288,-1,-1,14,1523
Python,10000,binaria,centro,25,15825,5000,6022,14,1503
Python,10000,lineal,ausente,26,18288,-1,-1,10000,402769
Python,10000,binaria,centro,2,15825,5000,6022,14,1462
Python,10000,lineal,inicio,15,14101,0,0,1,250
Python,10000,lineal,centro,1,15825,5000,5000,5001,193909
Python,10000,binaria,final,18,15100,9999,4912,12,1452
Python,10000,lineal,final,19,15100,9999,9999,10000,391382
Python,10000,lineal,ausente,4,18288,-1,-1,10000,406855
Python,10000,lineal,inicio,25,14101,0,0,1,391
Python,10000,lineal,inicio,17,14101,0,0,1,220
Python,10000,binaria,centro,6,15825,5000,6022,14,1683
Python,10000,lineal,ausente,14,18288,-1,-1,10000,391122
Python,10000,binaria,centro,23,15825,5000,6022,14,1713
Python,10000,binaria,final,16,15100,9999,4912,12,1301
Python,10000,lineal,final,4,15100,9999,9999,10000,392574
Python,10000,lineal,ausente,22,18288,-1,-1,10000,403961
Python,10000,lineal,final,21,15100,9999,9999,10000,408638
Python,10000,binaria,ausente,20,18288,-1,-1,14,1903
Python,10000,lineal,final,15,15100,9999,9999,10000,402990
Python,10000,binaria,inicio,7,14101,0,2844,14,1793
Python,10000,binaria,inicio,27,14101,0,2844,14,1442
Python,10000,lineal,final,16,15100,9999,9999,10000,389359
Python,10000,lineal,ausente,3,18288,-1,-1,10000,392174
Python,10000,binaria,ausente,15,18288,-1,-1,14,1642
Python,10000,binaria,inicio,3,14101,0,2844,14,1532
Python,100000,binaria,inicio,29,16363,0,67916,16,4497
Python,100000,binaria,inicio,28,16363,0,67916,16,2614
Python,100000,lineal,centro,22,13651,50000,50000,50001,2025974
Python,100000,binaria,final,26,12353,99999,94,16,3195
Python,100000,binaria,ausente,11,18288,-1,-1,17,2755
Python,100000,lineal,inicio,22,16363,0,0,1,530
Python,100000,binaria,inicio,6,16363,0,67916,16,2464
Python,100000,binaria,final,23,12353,99999,94,16,1913
Python,100000,lineal,final,14,12353,99999,99999,100000,4069374
Python,100000,lineal,ausente,5,18288,-1,-1,100000,4112007
Python,100000,binaria,inicio,14,16363,0,67916,16,3555
Python,100000,binaria,ausente,24,18288,-1,-1,17,2874
Python,100000,binaria,centro,5,13651,50000,21353,17,3656
Python,100000,lineal,final,18,12353,99999,99999,100000,4423821
Python,100000,binaria,inicio,4,16363,0,67916,16,3816
Python,100000,lineal,final,9,12353,99999,99999,100000,4197514
Python,100000,lineal,inicio,12,16363,0,0,1,751
Python,100000,lineal,inicio,14,16363,0,0,1,310
Python,100000,lineal,ausente,8,18288,-1,-1,100000,4411643
Python,100000,binaria,inicio,1,16363,0,67916,16,16905
Python,100000,lineal,inicio,9,16363,0,0,1,741
Python,100000,binaria,final,12,12353,99999,94,16,4777
Python,100000,binaria,centro,16,13651,50000,21353,17,3685
Python,100000,binaria,final,29,12353,99999,94,16,1983
Python,100000,binaria,centro,19,13651,50000,21353,17,2103
Python,100000,binaria,inicio,25,16363,0,67916,16,2183
Python,100000,lineal,ausente,21,18288,-1,-1,100000,4305625
Python,100000,lineal,inicio,1,16363,0,0,1,751
Python,100000,binaria,final,19,12353,99999,94,16,3725
Python,100000,lineal,final,22,12353,99999,99999,100000,4264925
Python,100000,binaria,inicio,2,16363,0,67916,16,3906
Python,100000,lineal,ausente,10,18288,-1,-1,100000,4120199
Python,100000,binaria,inicio,12,16363,0,67916,16,2954
Python,100000,binaria,inicio,7,16363,0,67916,16,2114
Python,100000,lineal,ausente,26,18288,-1,-1,100000,4527085
Python,100000,lineal,final,2,12353,99999,99999,100000,4267118
Python,100000,binaria,centro,22,13651,50000,21353,17,6590
Python,100000,lineal,final,29,12353,99999,99999,100000,4146539
Python,100000,binaria,centro,4,13651,50000,21353,17,3455
Python,100000,binaria,final,27,12353,99999,94,16,3856
Python,100000,lineal,centro,3,13651,50000,50000,50001,2279000
Python,100000,lineal,inicio,7,16363,0,0,1,841
Python,100000,binaria,centro,13,13651,50000,21353,17,3956
Python,100000,binaria,centro,18,13651,50000,21353,17,2403
Python,100000,binaria,centro,23,13651,50000,21353,17,1782
Python,100000,binaria,ausente,21,18288,-1,-1,17,4587
Python,100000,binaria,ausente,7,18288,-1,-1,17,2203
Python,100000,lineal,centro,26,13651,50000,50000,50001,2545186
Python,100000,binaria,final,13,12353,99999,94,16,4867
Python,100000,binaria,inicio,22,16363,0,67916,16,3395
Python,100000,binaria,final,30,12353,99999,94,16,1893
Python,100000,binaria,centro,1,13651,50000,21353,17,2674
Python,100000,binaria,final,14,12353,99999,94,16,1713
Python,100000,binaria,centro,6,13651,50000,21353,17,2123
Python,100000,lineal,centro,6,13651,50000,50000,50001,2177920
Python,100000,binaria,inicio,26,16363,0,67916,16,3285
Python,100000,binaria,final,10,12353,99999,94,16,2834
Python,100000,lineal,final,26,12353,99999,99999,100000,4187590
Python,100000,binaria,final,17,12353,99999,94,16,3044
Python,100000,binaria,centro,27,13651,50000,21353,17,2544
Python,100000,lineal,final,5,12353,99999,99999,100000,4073339
Python,100000,lineal,final,17,12353,99999,99999,100000,4505933
Python,100000,binaria,ausente,16,18288,-1,-1,17,5238
Python,100000,binaria,ausente,10,18288,-1,-1,17,2283
Python,100000,lineal,inicio,16,16363,0,0,1,701
Python,100000,lineal,final,3,12353,99999,99999,100000,4167870
Python,100000,lineal,inicio,4,16363,0,0,1,821
Python,100000,lineal,ausente,15,18288,-1,-1,100000,4074081
Python,100000,binaria,ausente,17,18288,-1,-1,17,3775
Python,100000,binaria,ausente,20,18288,-1,-1,17,2204
Python,100000,binaria,centro,26,13651,50000,21353,17,3766
Python,100000,binaria,inicio,30,16363,0,67916,16,4266
Python,100000,lineal,ausente,27,18288,-1,-1,100000,5592980
Python,100000,binaria,inicio,18,16363,0,67916,16,5669
Python,100000,binaria,centro,25,13651,50000,21353,17,5688
Python,100000,lineal,centro,18,13651,50000,50000,50001,3066512
Python,100000,lineal,final,28,12353,99999,99999,100000,4443069
Python,100000,lineal,centro,29,13651,50000,50000,50001,2166523
Python,100000,lineal,ausente,12,18288,-1,-1,100000,4164044
Python,100000,binaria,inicio,3,16363,0,67916,16,5438
Python,100000,binaria,ausente,6,18288,-1,-1,17,4757
Python,100000,binaria,inicio,21,16363,0,67916,16,2304
Python,100000,lineal,inicio,2,16363,0,0,1,671
Python,100000,binaria,ausente,19,18288,-1,-1,17,2283
Python,100000,lineal,inicio,19,16363,0,0,1,330
Python,100000,lineal,ausente,16,18288,-1,-1,100000,4295880
Python,100000,lineal,ausente,18,18288,-1,-1,100000,4327617
Python,100000,lineal,inicio,5,16363,0,0,1,811
Python,100000,lineal,inicio,29,16363,0,0,1,281
Python,100000,binaria,centro,9,13651,50000,21353,17,5778
Python,100000,lineal,ausente,11,18288,-1,-1,100000,4140931
Python,100000,lineal,ausente,20,18288,-1,-1,100000,4484822
Python,100000,lineal,centro,5,13651,50000,50000,50001,2148457
Python,100000,lineal,centro,27,13651,50000,50000,50001,2077170
Python,100000,binaria,inicio,15,16363,0,67916,16,4617
Python,100000,binaria,centro,24,13651,50000,21353,17,3806
Python,100000,lineal,final,24,12353,99999,99999,100000,4357723
Python,100000,lineal,centro,19,13651,50000,50000,50001,2209016
Python,100000,lineal,centro,1,13651,50000,50000,50001,2008438
Python,100000,lineal,ausente,24,18288,-1,-1,100000,4196763
Python,100000,lineal,ausente,2,18288,-1,-1,100000,4241100
Python,100000,lineal,final,23,12353,99999,99999,100000,4636838
Python,100000,binaria,centro,2,13651,50000,21353,17,5458
Python,100000,lineal,inicio,23,16363,0,0,1,902
Python,100000,lineal,final,21,12353,99999,99999,100000,4460115
Python,100000,binaria,final,3,12353,99999,94,16,5318
Python,100000,lineal,final,12,12353,99999,99999,100000,4269521
Python,100000,lineal,final,13,12353,99999,99999,100000,4083004
Python,100000,lineal,ausente,29,18288,-1,-1,100000,4146228
Python,100000,lineal,final,6,12353,99999,99999,100000,4175451
Python,100000,binaria,inicio,11,16363,0,67916,16,5549
Python,100000,lineal,inicio,21,16363,0,0,1,461
Python,100000,lineal,centro,20,13651,50000,50000,50001,2030240
Python,100000,lineal,final,4,12353,99999,99999,100000,4285625
Python,100000,binaria,final,15,12353,99999,94,16,4186
Python,100000,binaria,inicio,10,16363,0,67916,16,3425
Python,100000,lineal,final,27,12353,99999,99999,100000,4176533
Python,100000,lineal,centro,13,13651,50000,50000,50001,2032323
Python,100000,lineal,ausente,17,18288,-1,-1,100000,4271564
Python,100000,binaria,final,21,12353,99999,94,16,4126
Python,100000,lineal,inicio,13,16363,0,0,1,681
Python,100000,lineal,final,11,12353,99999,99999,100000,4325585
Python,100000,lineal,inicio,15,16363,0,0,1,922
Python,100000,binaria,ausente,28,18288,-1,-1,17,6149
Python,100000,lineal,inicio,30,16363,0,0,1,261
Python,100000,binaria,ausente,12,18288,-1,-1,17,2063
Python,100000,binaria,ausente,30,18288,-1,-1,17,2143
Python,100000,lineal,ausente,28,18288,-1,-1,100000,4076044
Python,100000,lineal,centro,15,13651,50000,50000,50001,2108797
Python,100000,binaria,centro,10,13651,50000,21353,17,4697
Python,100000,lineal,inicio,25,16363,0,0,1,341
Python,100000,binaria,centro,17,13651,50000,21353,17,2233
Python,100000,lineal,inicio,6,16363,0,0,1,231
Python,100000,binaria,centro,12,13651,50000,21353,17,2163
Python,100000,lineal,inicio,3,16363,0,0,1,240
Python,100000,binaria,inicio,17,16363,0,67916,16,2654
Python,100000,lineal,final,19,12353,99999,99999,100000,4092188
Python,100000,lineal,final,30,12353,99999,99999,100000,4075062
Python,100000,binaria,ausente,14,18288,-1,-1,17,2874
Python,100000,lineal,centro,2,13651,50000,50000,50001,2028377
Python,100000,binaria,final,1,12353,99999,94,16,3965
Python,100000,lineal,final,15,12353,99999,99999,100000,4088873
Python,100000,binaria,inicio,13,16363,0,67916,16,3255
Python,100000,binaria,inicio,5,16363,0,67916,16,2204
Python,100000,binaria,final,8,12353,99999,94,16,2484
Python,100000,binaria,ausente,27,18288,-1,-1,17,2073
Python,100000,lineal,centro,21,13651,50000,50000,50001,2090349
Python,100000,binaria,inicio,27,16363,0,67916,16,2533
Python,100000,binaria,ausente,4,18288,-1,-1,17,2013
Python,100000,binaria,centro,20,13651,50000,21353,17,2544
Python,100000,binaria,ausente,26,18288,-1,-1,17,1813
Python,100000,lineal,ausente,22,18288,-1,-1,100000,4105267
Python,100000,lineal,centro,25,13651,50000,50000,50001,2073715
Python,100000,binaria,ausente,5,18288,-1,-1,17,3215
Python,100000,lineal,inicio,28,16363,0,0,1,360
Python,100000,binaria,centro,11,13651,50000,21353,17,2464
Python,100000,binaria,ausente,9,18288,-1,-1,17,1853
Python,100000,lineal,inicio,24,16363,0,0,1,16334
Python,100000,lineal,centro,4,13651,50000,50000,50001,2099663
Python,100000,binaria,inicio,19,16363,0,67916,16,2815
Python,100000,binaria,final,25,12353,99999,94,16,2364
Python,100000,lineal,centro,24,13651,50000,50000,50001,2020356
Python,100000,binaria,centro,30,13651,50000,21353,17,2434
Python,100000,binaria,centro,15,13651,50000,21353,17,1642
Python,100000,lineal,centro,28,13651,50000,50000,50001,2050490
Python,100000,lineal,inicio,17,16363,0,0,1,401
Python,100000,lineal,final,7,12353,99999,99999,100000,4173319
Python,100000,lineal,ausente,4,18288,-1,-1,100000,4399325
Python,100000,lineal,centro,9,13651,50000,50000,50001,2151962
Python,100000,lineal,centro,8,13651,50000,50000,50001,2191270
Python,100000,binaria,final,20,12353,99999,94,16,4968
Python,100000,binaria,inicio,8,16363,0,67916,16,4086
Python,100000,lineal,ausente,6,18288,-1,-1,100000,4148391
Python,100000,lineal,inicio,20,16363,0,0,1,721
Python,100000,binaria,centro,14,13651,50000,21353,17,3545
Python,100000,binaria,centro,3,13651,50000,21353,17,2364
Python,100000,lineal,centro,7,13651,50000,50000,50001,2052663
Python,100000,lineal,ausente,1,18288,-1,-1,100000,4400726
Python,100000,binaria,inicio,24,16363,0,67916,16,4477
Python,100000,lineal,ausente,30,18288,-1,-1,100000,4333296
Python,100000,binaria,final,22,12353,99999,94,16,3856
Python,100000,lineal,inicio,11,16363,0,0,1,671
Python,100000,binaria,final,4,12353,99999,94,16,2063
Python,100000,binaria,final,24,12353,99999,94,16,1713
Python,100000,lineal,ausente,14,18288,-1,-1,100000,4145047
Python,100000,lineal,inicio,8,16363,0,0,1,610
Python,100000,binaria,ausente,23,18288,-1,-1,17,4456
Python,100000,lineal,final,8,12353,99999,99999,100000,4168170
Python,100000,binaria,final,16,12353,99999,94,16,2874
Python,100000,lineal,centro,12,13651,50000,50000,50001,2041037
Python,100000,lineal,final,10,12353,99999,99999,100000,4068602
Python,100000,binaria,final,5,12353,99999,94,16,2424
Python,100000,lineal,inicio,18,16363,0,0,1,361
Python,100000,binaria,final,18,12353,99999,94,16,1813
Python,100000,binaria,centro,28,13651,50000,21353,17,3526
Python,100000,lineal,ausente,3,18288,-1,-1,100000,4437431
Python,100000,binaria,final,28,12353,99999,94,16,4957
Python,100000,binaria,final,2,12353,99999,94,16,2063
Python,100000,lineal,final,25,12353,99999,99999,100000,5349138
Python,100000,lineal,final,16,12353,99999,99999,100000,4218696
Python,100000,binaria,inicio,20,16363,0,67916,16,6920
Python,100000,lineal,centro,17,13651,50000,50000,50001,2055268
Python,100000,binaria,ausente,2,18288,-1,-1,17,5579
Python,100000,lineal,centro,16,13651,50000,50000,50001,2130560
Python,100000,lineal,inicio,26,16363,0,0,1,581
Python,100000,binaria,ausente,1,18288,-1,-1,17,3225
Python,100000,binaria,ausente,8,18288,-1,-1,17,2263
Python,100000,lineal,final,20,12353,99999,99999,100000,4183854
Python,100000,lineal,centro,11,13651,50000,50000,50001,2049830
Python,100000,lineal,ausente,25,18288,-1,-1,100000,4165416
Python,100000,lineal,ausente,19,18288,-1,-1,100000,4170183
Python,100000,lineal,ausente,23,18288,-1,-1,100000,4083184
Python,100000,binaria,ausente,18,18288,-1,-1,17,6159
Python,100000,binaria,inicio,16,16363,0,67916,16,3856
Python,100000,binaria,centro,8,13651,50000,21353,17,4717
Python,100000,lineal,ausente,9,18288,-1,-1,100000,4103395
Python,100000,binaria,inicio,9,16363,0,67916,16,3005
Python,100000,binaria,ausente,29,18288,-1,-1,17,3005
Python,100000,lineal,centro,10,13651,50000,50000,50001,2035528
Python,100000,binaria,ausente,3,18288,-1,-1,17,2764
Python,100000,binaria,inicio,23,16363,0,67916,16,2443
Python,100000,binaria,final,11,12353,99999,94,16,3766
Python,100000,binaria,ausente,25,18288,-1,-1,17,2213
Python,100000,binaria,ausente,22,18288,-1,-1,17,1763
Python,100000,lineal,ausente,7,18288,-1,-1,100000,4511051
Python,100000,binaria,final,7,12353,99999,94,16,3685
Python,100000,lineal,inicio,10,16363,0,0,1,872
Python,100000,binaria,ausente,13,18288,-1,-1,17,2804
Python,100000,lineal,ausente,13,18288,-1,-1,100000,4064897
Python,100000,binaria,final,9,12353,99999,94,16,2894
Python,100000,binaria,final,6,12353,99999,94,16,1943
Python,100000,binaria,centro,21,13651,50000,21353,17,3085
Python,100000,lineal,centro,14,13651,50000,50000,50001,2021928
Python,100000,lineal,final,1,12353,99999,99999,100000,4091026
Python,100000,binaria,centro,29,13651,50000,21353,17,2784
Python,100000,binaria,ausente,15,18288,-1,-1,17,2243
Python,100000,lineal,centro,23,13651,50000,50000,50001,2085051
Python,100000,lineal,inicio,27,16363,0,0,1,441
Python,100000,lineal,centro,30,13651,50000,50000,50001,2033845
Python,100000,binaria,centro,7,13651,50000,21353,17,4006
Python,500000,binaria,final,1,13366,499999,88657,19,12789
Python,500000,lineal,ausente,14,18288,-1,-1,500000,22589365
Python,500000,lineal,centro,26,13703,250000,250000,250001,10492228
Python,500000,lineal,ausente,9,18288,-1,-1,500000,20889907
Python,500000,binaria,ausente,30,18288,-1,-1,19,12538
Python,500000,lineal,final,7,13366,499999,499999,500000,21378544
Python,500000,binaria,centro,16,13703,250000,110645,18,11227
Python,500000,lineal,ausente,27,18288,-1,-1,500000,21833330
Python,500000,lineal,ausente,11,18288,-1,-1,500000,23036629
Python,500000,binaria,inicio,29,14259,0,158841,19,13540
Python,500000,binaria,final,6,13366,499999,88657,19,8001
Python,500000,binaria,inicio,18,14259,0,158841,19,2343
Python,500000,lineal,centro,11,13703,250000,250000,250001,10713307
Python,500000,binaria,inicio,3,14259,0,158841,19,9004
Python,500000,binaria,ausente,8,18288,-1,-1,19,10846
Python,500000,binaria,centro,10,13703,250000,110645,18,7592
Python,500000,binaria,final,21,13366,499999,88657,19,4676
Python,500000,lineal,inicio,25,14259,0,0,1,1081
Python,500000,lineal,final,11,13366,499999,499999,500000,21891987
Python,500000,lineal,inicio,20,14259,0,0,1,1893
Python,500000,lineal,centro,28,13703,250000,250000,250001,10361655
Python,500000,lineal,ausente,13,18288,-1,-1,500000,22271131
Python,500000,binaria,centro,6,13703,250000,110645,18,13900
Python,500000,lineal,final,6,13366,499999,499999,500000,25544912
Python,500000,binaria,final,20,13366,499999,88657,19,16775
Python,500000,binaria,inicio,26,14259,0,158841,19,10045
Python,500000,lineal,ausente,25,18288,-1,-1,500000,25771428
Python,500000,binaria,centro,27,13703,250000,110645,18,16835
Python,500000,lineal,centro,20,13703,250000,250000,250001,12454547
Python,500000,binaria,centro,18,13703,250000,110645,18,13029
Python,500000,lineal,final,4,13366,499999,499999,500000,27381112
Python,500000,binaria,final,25,13366,499999,88657,19,13781
Python,500000,lineal,inicio,28,14259,0,0,1,1642
Python,500000,binaria,centro,15,13703,250000,110645,18,7531
Python,500000,lineal,final,20,13366,499999,499999,500000,21652912
Python,500000,binaria,final,9,13366,499999,88657,19,12198
Python,500000,binaria,centro,2,13703,250000,110645,18,7741
Python,500000,binaria,centro,20,13703,250000,110645,18,1783
Python,500000,lineal,ausente,20,18288,-1,-1,500000,24170412
Python,500000,lineal,centro,10,13703,250000,250000,250001,11043558
Python,500000,lineal,final,1,13366,499999,499999,500000,21646391
Python,500000,binaria,inicio,19,14259,0,158841,19,16245
Python,500000,binaria,final,28,13366,499999,88657,19,9825
Python,500000,binaria,inicio,17,14259,0,158841,19,2093
Python,500000,lineal,inicio,13,14259,0,0,1,1653
Python,500000,binaria,inicio,6,14259,0,158841,19,2293
Python,500000,binaria,inicio,15,14259,0,158841,19,2324
Python,500000,binaria,final,13,13366,499999,88657,19,2073
Python,500000,binaria,inicio,23,14259,0,158841,19,1993
Python,500000,binaria,ausente,20,18288,-1,-1,19,10225
Python,500000,lineal,centro,18,13703,250000,250000,250001,11145821
Python,500000,lineal,centro,6,13703,250000,250000,250001,15133754
Python,500000,lineal,inicio,24,14259,0,0,1,1953
Python,500000,lineal,ausente,2,18288,-1,-1,500000,36412999
Python,500000,lineal,centro,23,13703,250000,250000,250001,12839800
Python,500000,lineal,ausente,10,18288,-1,-1,500000,22016001
Python,500000,lineal,ausente,26,18288,-1,-1,500000,26402057
Python,500000,lineal,centro,21,13703,250000,250000,250001,11590422
Python,500000,binaria,final,19,13366,499999,88657,19,15674
Python,500000,lineal,centro,14,13703,250000,250000,250001,11297676
Python,500000,lineal,final,10,13366,499999,499999,500000,26873788
Python,500000,lineal,centro,27,13703,250000,250000,250001,11332399
Python,500000,binaria,ausente,28,18288,-1,-1,19,17416
Python,500000,binaria,final,23,13366,499999,88657,19,10756
Python,500000,binaria,ausente,18,18288,-1,-1,19,2314
Python,500000,lineal,ausente,3,18288,-1,-1,500000,22424049
Python,500000,lineal,centro,5,13703,250000,250000,250001,10988657
Python,500000,binaria,ausente,22,18288,-1,-1,19,14601
Python,500000,lineal,inicio,14,14259,0,0,1,1292
Python,500000,lineal,ausente,16,18288,-1,-1,500000,21724018
Python,500000,lineal,final,29,13366,499999,499999,500000,22355427
Python,500000,binaria,ausente,5,18288,-1,-1,19,15653
Python,500000,binaria,centro,9,13703,250000,110645,18,10105
Python,500000,lineal,final,27,13366,499999,499999,500000,21327828
Python,500000,lineal,final,19,13366,499999,499999,500000,21134310
Python,500000,lineal,ausente,4,18288,-1,-1,500000,20393308
Python,500000,binaria,centro,22,13703,250000,110645,18,12438
Python,500000,binaria,final,8,13366,499999,88657,19,6519
Python,500000,binaria,centro,30,13703,250000,110645,18,2214
Python,500000,binaria,ausente,11,18288,-1,-1,19,8713
Python,500000,lineal,inicio,26,14259,0,0,1,1402
Python,500000,binaria,final,10,13366,499999,88657,19,2384
Python,500000,lineal,centro,4,13703,250000,250000,250001,10880216
Python,500000,lineal,ausente,7,18288,-1,-1,500000,20537812
Python,500000,lineal,inicio,19,14259,0,0,1,1302
Python,500000,binaria,centro,26,13703,250000,110645,18,11718
Python,500000,binaria,ausente,21,18288,-1,-1,19,8353
Python,500000,lineal,ausente,21,18288,-1,-1,500000,21189903
Python,500000,lineal,ausente,15,18288,-1,-1,500000,20702057
Python,500000,lineal,centro,12,13703,250000,250000,250001,10244560
Python,500000,binaria,final,15,13366,499999,88657,19,12478
Python,500000,lineal,final,14,13366,499999,499999,500000,21015053
Python,500000,lineal,ausente,1,18288,-1,-1,500000,21963193
Python,500000,binaria,inicio,22,14259,0,158841,19,14061
Python,500000,lineal,ausente,30,18288,-1,-1,500000,20691381
Python,500000,lineal,centro,7,13703,250000,250000,250001,10365600
Python,500000,binaria,centro,4,13703,250000,110645,18,12558
Python,500000,lineal,inicio,9,14259,0,0,1,821
Python,500000,binaria,ausente,4,18288,-1,-1,19,10776
Python,500000,binaria,centro,8,13703,250000,110645,18,2193
Python,500000,binaria,centro,13,13703,250000,110645,18,1892
Python,500000,binaria,inicio,1,14259,0,158841,19,7311
Python,500000,binaria,centro,23,13703,250000,110645,18,1702
Python,500000,lineal,centro,17,13703,250000,250000,250001,10243950
Python,500000,binaria,inicio,10,14259,0,158841,19,6670
Python,500000,lineal,final,8,13366,499999,499999,500000,21121431
Python,500000,lineal,final,23,13366,499999,499999,500000,21149763
Python,500000,binaria,ausente,19,18288,-1,-1,19,12809
Python,500000,lineal,centro,2,13703,250000,250000,250001,11457575
Python,500000,binaria,inicio,21,14259,0,158841,19,26880
Python,500000,binaria,ausente,24,18288,-1,-1,19,7330
Python,500000,binaria,inicio,11,14259,0,158841,19,2333
Python,500000,binaria,inicio,13,14259,0,158841,19,2243
Python,500000,binaria,inicio,25,14259,0,158841,19,1902
Python,500000,binaria,ausente,15,18288,-1,-1,19,2013
Python,500000,binaria,final,14,13366,499999,88657,19,8522
Python,500000,lineal,centro,29,13703,250000,250000,250001,10588172
Python,500000,binaria,final,11,13366,499999,88657,19,8122
Python,500000,binaria,ausente,27,18288,-1,-1,19,6439
Python,500000,lineal,final,9,13366,499999,499999,500000,20431345
Python,500000,binaria,final,4,13366,499999,88657,19,7932
Python,500000,binaria,centro,14,13703,250000,110645,18,6019
Python,500000,binaria,final,5,13366,499999,88657,19,2003
Python,500000,lineal,final,17,13366,499999,499999,500000,20189795
Python,500000,lineal,inicio,23,14259,0,0,1,1142
Python,500000,lineal,inicio,18,14259,0,0,1,260
Python,500000,lineal,ausente,19,18288,-1,-1,500000,20408199
Python,500000,lineal,final,25,13366,499999,499999,500000,21057947
Python,500000,binaria,centro,3,13703,250000,110645,18,11257
Python,500000,lineal,centro,30,13703,250000,250000,250001,11179722
Python,500000,lineal,centro,13,13703,250000,250000,250001,10442624
Python,500000,lineal,final,2,13366,499999,499999,500000,21224595
Python,500000,lineal,final,28,13366,499999,499999,500000,21713632
Python,500000,lineal,centro,19,13703,250000,250000,250001,10425850
Python,500000,binaria,ausente,9,18288,-1,-1,19,14202
Python,500000,binaria,ausente,16,18288,-1,-1,19,2484
Python,500000,binaria,final,17,13366,499999,88657,19,56755
Python,500000,lineal,final,13,13366,499999,499999,500000,21024397
Python,500000,lineal,centro,24,13703,250000,250000,250001,10188216
Python,500000,binaria,final,24,13366,499999,88657,19,11086
Python,500000,lineal,ausente,5,18288,-1,-1,500000,20940972
Python,500000,binaria,ausente,14,18288,-1,-1,19,12649
Python,500000,binaria,inicio,27,14259,0,158841,19,9434
Python,500000,binaria,centro,29,13703,250000,110645,18,7721
Python,500000,binaria,ausente,10,18288,-1,-1,19,2464
Python,500000,lineal,final,18,13366,499999,499999,500000,20652383
Python,500000,binaria,ausente,1,18288,-1,-1,19,11978
Python,500000,binaria,centro,5,13703,250000,110645,18,7721
Python,500000,binaria,final,16,13366,499999,88657,19,6489
Python,500000,binaria,inicio,28,14259,0,158841,19,6370
Python,500000,lineal,ausente,24,18288,-1,-1,500000,20370674
Python,500000,binaria,centro,17,13703,250000,110645,18,8072
Python,500000,binaria,ausente,25,18288,-1,-1,19,6941
Python,500000,binaria,final,18,13366,499999,88657,19,6790
Python,500000,binaria,inicio,24,14259,0,158841,19,5598
Python,500000,lineal,centro,25,13703,250000,250000,250001,10409636
Python,500000,lineal,inicio,15,14259,0,0,1,1463
Python,500000,lineal,centro,9,13703,250000,250000,250001,10867707
Python,500000,binaria,inicio,5,14259,0,158841,19,12799
Python,500000,lineal,final,12,13366,499999,499999,500000,20941163
Python,500000,binaria,centro,12,13703,250000,110645,18,10235
Python,500000,lineal,final,3,13366,499999,499999,500000,20797820
Python,500000,binaria,centro,28,13703,250000,110645,18,8923
Python,500000,binaria,inicio,4,14259,0,158841,19,7431
Python,500000,lineal,centro,16,13703,250000,250000,250001,10204771
Python,500000,lineal,ausente,23,18288,-1,-1,500000,20823027
Python,500000,lineal,final,5,13366,499999,499999,500000,22318613
Python,500000,lineal,final,21,13366,499999,499999,500000,21879458
Python,500000,lineal,ausente,8,18288,-1,-1,500000,21082683
Python,500000,lineal,inicio,3,14259,0,0,1,1783
Python,500000,lineal,inicio,29,14259,0,0,1,340
Python,500000,binaria,ausente,13,18288,-1,-1,19,12910
Python,500000,binaria,final,2,13366,499999,88657,19,8312
Python,500000,lineal,inicio,1,14259,0,0,1,340
Python,500000,binaria,final,26,13366,499999,88657,19,2524
Python,500000,binaria,inicio,8,14259,0,158841,19,23986
Python,500000,lineal,final,30,13366,499999,499999,500000,20375682
Python,500000,binaria,ausente,23,18288,-1,-1,19,8443
Python,500000,binaria,ausente,2,18288,-1,-1,19,2164
Python,500000,lineal,inicio,27,14259,0,0,1,982
Python,500000,lineal,inicio,7,14259,0,0,1,190
Python,500000,binaria,centro,21,13703,250000,110645,18,6350
Python,500000,lineal,ausente,22,18288,-1,-1,500000,20349322
Python,500000,binaria,ausente,26,18288,-1,-1,19,10576
Python,500000,lineal,centro,3,13703,250000,250000,250001,10682251
Python,500000,lineal,inicio,6,14259,0,0,1,1152
Python,500000,binaria,inicio,20,14259,0,158841,19,12118
Python,500000,lineal,inicio,5,14259,0,0,1,350
Python,500000,binaria,final,7,13366,499999,88657,19,9044
Python,500000,binaria,centro,19,13703,250000,110645,18,6891
Python,500000,lineal,inicio,30,14259,0,0,1,251
Python,500000,binaria,final,3,13366,499999,88657,19,2063
Python,500000,lineal,inicio,21,14259,0,0,1,210
Python,500000,lineal,final,24,13366,499999,499999,500000,21047280
Python,500000,binaria,ausente,29,18288,-1,-1,19,12229
Python,500000,binaria,ausente,6,18288,-1,-1,19,2324
Python,500000,binaria,final,29,13366,499999,88657,19,7311
Python,500000,binaria,inicio,12,14259,0,158841,19,7381
Python,500000,binaria,centro,7,13703,250000,110645,18,6169
Python,500000,binaria,inicio,2,14259,0,158841,19,1903
Python,500000,lineal,inicio,17,14259,0,0,1,1122
Python,500000,lineal,centro,8,13703,250000,250000,250001,10424868
Python,500000,lineal,final,26,13366,499999,499999,500000,20549169
Python,500000,binaria,ausente,12,18288,-1,-1,19,11146
Python,500000,lineal,centro,15,13703,250000,250000,250001,12903466
Python,500000,binaria,inicio,16,14259,0,158841,19,13480
Python,500000,lineal,inicio,22,14259,0,0,1,1272
Python,500000,binaria,inicio,14,14259,0,158841,19,2624
Python,500000,binaria,ausente,3,18288,-1,-1,19,7842
Python,500000,lineal,centro,22,13703,250000,250000,250001,10426531
Python,500000,binaria,inicio,30,14259,0,158841,19,12038
Python,500000,lineal,ausente,28,18288,-1,-1,500000,21044356
Python,500000,lineal,inicio,12,14259,0,0,1,1482
Python,500000,binaria,ausente,17,18288,-1,-1,19,11718
Python,500000,binaria,inicio,7,14259,0,158841,19,7000
Python,500000,binaria,centro,11,13703,250000,110645,18,7952
Python,500000,lineal,centro,1,13703,250000,250000,250001,10476055
Python,500000,lineal,inicio,11,14259,0,0,1,812
Python,500000,binaria,final,27,13366,499999,88657,19,9785
Python,500000,lineal,ausente,18,18288,-1,-1,500000,20645443
Python,500000,lineal,final,15,13366,499999,499999,500000,20922294
Python,500000,lineal,inicio,4,14259,0,0,1,1662
Python,500000,lineal,final,16,13366,499999,499999,500000,20734856
Python,500000,binaria,final,12,13366,499999,88657,19,13500
Python,500000,lineal,ausente,12,18288,-1,-1,500000,20912500
Python,500000,lineal,inicio,10,14259,0,0,1,1652
Python,500000,lineal,inicio,16,14259,0,0,1,291
Python,500000,binaria,centro,24,13703,250000,110645,18,11497
Python,500000,binaria,inicio,9,14259,0,158841,19,8072
Python,500000,binaria,final,22,13366,499999,88657,19,6149
Python,500000,lineal,final,22,13366,499999,499999,500000,21114070
Python,500000,lineal,ausente,29,18288,-1,-1,500000,20326157
Python,500000,binaria,centro,1,13703,250000,110645,18,13961
Python,500000,lineal,ausente,17,18288,-1,-1,500000,21148331
Python,500000,lineal,ausente,6,18288,-1,-1,500000,21129243
Python,500000,lineal,inicio,8,14259,0,0,1,1792
Python,500000,lineal,inicio,2,14259,0,0,1,310
Python,500000,binaria,ausente,7,18288,-1,-1,19,11307
Python,500000,binaria,centro,25,13703,250000,110645,18,8253
Python,500000,binaria,final,30,13366,499999,88657,19,6129
